salary,city,cc
$5432.91,Sabon Gari-Nangere,611
$6581.31,San Rafael Abajo,561
$14405.46,Khvānsār,13
$27742.78,Cemara,1191
$88920.27,Diên Khánh,943
$68442.92,Cabanas de Viriato,1021
$25562.39,Shiroi,417
$21788.73,Qorovulbozor Shahri,1187
$27804.68,Xin’an,791
$75550.59,Arneiro,709
$3879.33,Vincennes,1035
$37220.45,Spytkowice,1260
$83499.87,Dembī Dolo,612
$60232.31,Santa Teresita,866
$37840.59,Juàzeirinho,620
$10960.92,Kisii,418
$22713.72,Neskaupstaður,505
$23346.16,Kthella e Epërme,1235
$59098.66,Kingston,974
$48409.95,Kåge,1049
$12047.70,Ilama,665
$37170.99,Isak,1412
$96764.38,Zhuge,421
$26857.39,Taquara,623
$78525.94,Shakhun’ya,1448
$66326.93,Padangulaktanding,1479
$47655.03,Alor Setar,25
$3825.56,Czarna Woda,1418
$74046.67,Independencia,345
$39550.32,Além,745
$52736.01,Bitanjuan,592
$32016.98,Jinshandian,563
$33646.61,Dingbu,21
$75122.35,Santo Niño,947
$90758.66,Xiamao,1432
$31299.86,Messina,930
$26022.31,Sabanalarga,1443
$86257.88,Donghai,1218
$74298.04,Vrede,470
$21680.76,Gīdolē,997
$95534.43,Arapuey,879
$90333.28,Hövsan,962
$37783.96,Damu,1026
$49213.93,Shencun,218
$12287.62,Jiupu,1153
$75752.12,Heping,671
$99151.98,Bazi,706
$61298.22,Moutas,896
$78847.21,Mlawat,1493
$43379.90,San Jose,1106
$10460.43,Barayong,149
$21420.09,Tshela,381
$17387.78,Xialaxiu,921
$99323.55,Sinabang,824
$61587.24,Mangusu,1075
$31008.31,Andradina,1111
$32409.00,Ar Rawḑ,624
$71657.44,Mieścisko,54
$80657.37,Gangsha,1328
$2135.69,Alès,1422
$67882.49,Teutônia,340
$58610.98,Karak,933
$21074.09,Amboasary,683
$74963.37,Moulay Yacoub,266
$99057.86,Laiponda,435
$19245.42,Jianchang,427
$4564.44,Aizi,1400
$47692.25,Dacudao,1167
$27473.96,Pandak,1223
$96317.09,Magog,266
$92142.16,Parengan,1485
$48023.18,Gengqing,117
$37375.28,Granada,763
$97632.93,Gavinhos de Baixo,673
$37169.62,Greenland,47
$24100.63,Mejdan - Obilićevo,1267
$39283.77,Capilla del Monte,1340
$90960.61,Tanxi,19
$84957.69,Venilale,710
$51021.83,San Miguel,567
$41179.00,Phichai,7
$41256.51,Zamora,541
$70895.19,Loučovice,96
$95125.53,Krinichnaya,364
$72640.21,Emiliano Zapata,1386
$82853.84,Huotian,697
$53364.75,Wangren,1063
$40434.35,Yanjiatai,686
$17960.98,Bologoye,510
$27317.56,Hanover,568
$7544.28,Zaolin,603
$86422.39,Des Moines,163
$57847.13,Bintulu,934
$266.64,Rengo,1438
$53585.21,Mhlambanyatsi,808
$52876.09,Amboasary,659
$5184.79,Dijon,793
$40032.69,Al Judayrah,555
$57715.54,Segbwema,1054
$66195.79,Būrewāla,996
$33469.68,Quixadá,1076
$55767.23,Padangguci,1390
$74317.77,Haarlem,36
$55966.44,Yajiang,741
$12426.86,Guatire,346
$61205.20,Piru,640
$84630.49,Inayauan,1477
$50436.19,Port-de-Paix,1170
$51577.40,Yantian,541
$27674.01,Seputih,236
$12175.26,Phumĭ Véal Srê,832
$81932.78,Enhe Hada,1190
$37722.44,Benoni,121
$12143.31,Laranganglintong,182
$40356.71,Villa Hayes,113
$47162.30,Aasiaat,1428
$30315.37,Barra,987
$3533.84,Cihaladan,1290
$69387.85,Makoko,1115
$2620.70,Rucheng Chengguanzhen,446
$28896.59,Bantarmangu,702
$26884.72,Balkh,749
$82946.52,Noemuti,27
$17539.81,Sempu,922
$65215.58,Lyasny,363
$89867.65,Huangjinbu,172
$87635.04,Sungsang,516
$41838.51,Santa Ana Huista,744
$14494.08,Khasavyurt,142
$94612.75,Marseille,1458
$90937.05,Thatta,747
$69498.37,Hongwei,1175
$11464.50,Höganäs,259
$5895.96,El Limón,768
$28854.38,Chichibu,1013
$78318.34,Åtvidaberg,1044
$42495.47,Athmuqam,300
$78405.18,Moutsamoudou,729
$33919.94,Lidingö,775
$16410.56,Caen,200
$35828.30,Heshan,1266
$2925.56,Lukou,348
$32234.00,Honolulu,1117
$37930.33,Fort Wayne,1045
$57536.03,Taizhou,1347
$23498.50,Волочаевское,515
$9125.37,Estância,508
$98380.37,Bujanovac,1
$66457.22,Zhongzhou,992
$75532.19,Balsas,929
$87862.33,Japerejo,157
$31144.10,Oni,1466
$95338.61,Singkup,1339
$14956.15,Tongqing,1450
$29299.55,Wang Thonglang,850
$58710.31,Tarata,765
$11851.67,Jintan,276
$53593.16,Hässleholm,1244
$46038.83,Vichuga,843
$29594.42,Angers,556
$95122.27,Diawara,114
$40472.07,Puyo,1463
$3176.76,Foúrnoi,1487
$79051.49,Woodford Hill,396
$60518.02,Göteborg,996
$98168.55,Bitaogan,524
$51314.00,Qiujima,1047
$14578.82,Berezivka,101
$87273.88,Huangqiao,1453
$58379.12,Hoopstad,263
$15163.48,Murcia,1467
$74908.66,Sandnes,811
$48586.05,Entradas,1120
$42918.48,Bancal,509
$85357.50,Asunción,681
$26463.94,Tondano,193
$33612.34,Ning’an,1096
$74762.09,Teminabuan,1424
$45639.94,San Juan,424
$1634.88,Malasila,707
$23171.63,Jagodina,47
$28404.51,Jiantou,1494
$75516.01,Langkap,90
$89979.39,Moriguchi,1464
$9543.17,Ermidas do Sado,1396
$41159.53,Gaoling,491
$47801.01,Mashava,680
$60688.15,Nchelenge,894
$52014.37,Borgholm,158
$32665.30,Xidoupu,2
$76691.04,Sheffield,842
$31640.24,Liantan,104
$2551.39,Magisterial,276
$32120.57,Lido,735
$94669.02,Maomiaoji,1462
$17627.42,Belén de Escobar,1137
$46016.33,Nueva Requena,555
$37447.92,Maramag,300
$21908.41,Lujing Zhen,28
$2030.44,Lesnoye,1388
$46163.80,Pakis,1188
$92467.67,Olímpia,843
$5321.53,Babakantonggoh,836
$70270.84,Seputih,1281
$80487.29,Fenggang,1325
$19442.77,Koz’modem’yansk,529
$81107.32,Ninh Hòa,719
$98437.23,Uspenskoye,228
$59999.98,Ribnica na Pohorju,636
$14212.28,Kobylanka,438
$4539.50,Mỏ Cày,451
$96440.50,Sopla,260
$54052.89,Utrecht (stad),252
$50011.69,Hongguang,61
$41349.26,Skopje,625
$44751.52,Hufang,317
$72933.15,Sremčica,598
$72871.96,Ljungby,327
$65285.73,Sotomayor,1038
$16291.41,Sanhe,1030
$98431.58,Tuy Phước,1123
$25642.51,Ngembo,514
$82883.44,Santo Tomas,320
$34793.63,Malax,1307
$10882.23,Fengchuan,684
$44481.54,Monsanto,685
$7170.04,Coronel,1105
$26028.46,Ptghunk’,925
$79585.39,Valenciennes,679
$35371.35,Gongchenqiao,1428
$70709.84,Hongguang,1344
$41300.08,Haolin,36
$77271.43,Santa Catarina,9
$6673.03,Tiassalé,768
$27726.34,Colonias Unidas,1259
$91854.39,Shalazhi,1124
$71034.26,Surgut,924
$32784.77,Rulong,557
$86619.10,Nador,1009
$65788.89,Gadingrejo,707
$63554.50,Neiafu,1389
$69632.01,Viļāni,1061
$11989.85,Oyo,1068
$77445.69,Almalaguês,200
$63970.40,Židlochovice,405
$80190.26,Citasuk,363
$96738.74,Itabaiana,817
$70909.71,Kamenjane,452
$74187.38,Buliran,152
$60339.24,Nizhniy Lomov,59
$53026.93,Iwierzyce,553
$55641.33,Molteno,1160
$84019.75,Salaberry-de-Valleyfield,101
$70241.06,Odoyev,667
$1316.34,Kampungraja,61
$30672.20,Novospasskoye,46
$42231.93,Serravalle,1132
$70443.03,Potštát,1053
$62612.72,Buga,738
$15623.83,Dabbūrīya,1442
$85719.34,Szamotuły,948
$77691.44,Maji,636
$51908.58,Dalumangcob,508
$81590.59,Dongmazar,1115
$16253.93,Lubei,77
$99673.65,Banxi,559
$23145.32,Bauan,1480
$77732.06,Shiroi,1288
$57753.46,Kochani,788
$94040.28,Limoges,1000
$79403.80,San Jose,816
$27324.67,Berezayka,418
$32286.66,Garcia Hernandez,510
$350.69,Kansas City,941
$227.07,Şabbūrah,1474
$3964.56,Mishixiang,754
$72204.24,Pará de Minas,491
$72023.07,Tongxing,1441
$59721.45,Kertosari,548
$95139.46,Andros Town,623
$21490.65,Obrera,323
$6222.95,Arbuzynka,1360
$58881.91,Esperanza,789
$93553.82,Hvozdná,646
$43965.53,Hodošan,1243
$65931.24,Tatariv,867
$44726.79,Sanqishi,862
$61700.07,Youngstown,1259
$54168.67,Créteil,811
$19224.48,Vlasenica,554
$39117.73,Catalina,1294
$20363.36,Tambakrejo,441
$32931.45,Hanban,107
$49308.01,Łęki Szlacheckie,1322
$39914.71,Cam Ranh,32
$41626.32,Staryy Urukh,580
$69918.25,Bankeryd,12
$69796.47,Maleevsk,1140
$22589.52,Diaofeng,40
$2875.12,Duwakkandung,1207
$31981.70,Xiwei,917
$80074.85,Aoqian,168
$94168.76,Chunyang,164
$11174.75,Parada de Pinhão,1076
$56520.13,Jiangtou,1406
$61149.67,Jungutbatu Kaja Dua,70
$30048.26,Nūsay,286
$25400.33,Ćićevac,663
$21913.38,Kalasin,291
$73380.00,Telsen,983
$31264.83,Tarbes,1085
$88162.76,Margabakti,756
$1959.34,Bi’r al ‘Abd,1425
$69059.75,Wukeshu,353
$55722.60,Yalkhoy-Mokhk,592
$76618.67,Abū Zabad,1329
$78830.86,Nkwerre,345
$9938.86,Tisul’,252
$66950.40,Langchuan,175
$60539.13,Baugo,1090
$74029.20,Sinacaban,99
$92491.42,Yangjiaping,673
$21074.91,Murun-kuren,760
$57602.61,Guazapa,249
$28577.57,Huangshi,337
$8526.05,Choloma,1437
$71586.33,Matangshan,708
$73496.44,Örebro,464
$57411.92,Riachos,1389
$73441.73,Kouvola,492
$13034.60,Skien,667
$86346.26,Haitou,1131
$96605.09,Cimanggu,1036
$10973.90,Vyborg,92
$33133.49,Tongzha,640
$49743.22,Azacualpa,761
$52367.99,Tongshan,1474
$39107.05,Vilkaviskis,534
$59996.81,Malalag,984
$96585.41,Longgang,663
$49699.86,Sbo’o,792
$41425.05,Gowurdak,522
$53116.48,Xijiang,862
$58082.00,Buenos Aires,4
$21498.01,Áno Liósia,690
$67644.94,Pimenta Bueno,780
$6963.76,Pedreira,1153
$70762.52,Louisville,302
$13436.54,Corticeiro de Baixo,1247
$10575.76,Nal’chik,855
$68479.32,Balayang,840
$58155.35,Fornos,76
$41687.23,Kandahār,1399
$12926.65,Jiangcun,328
$32381.77,Zbytków,1267
$81591.50,Igcocolo,338
$84844.52,Wuguishan,1422
$17318.68,Genisséa,264
$32071.02,Phú Khương,1379
$84121.62,Kayakent,279
$63932.37,Venlo,11
$25883.04,Pamoyanan,69
$30881.53,Macau,1219
$97849.98,Alangilanan,525
$23140.04,Dzhubga,878
$9969.22,Punta de Piedra,380
$68699.10,Tayu,571
$6008.45,Iwamizawa,757
$50573.65,Fengxizhai,290
$96122.85,La Eduvigis,152
$13935.31,Chicago,1113
$94865.74,Síkinos,785
$17068.40,Independencia,659
$8152.86,Lushikeng,1379
$86183.21,Kutao,1020
$26624.84,Örebro,1013
$57391.28,Travesía,1151
$30912.38,Klakeh,149
$91431.98,Fengpo,705
$52620.33,Tegarenkrajan,948
$20932.63,Semikarakorsk,179
$19935.02,Gustavia,1127
$56184.84,Fuan,392
$74398.20,Aş Şaff,1427
$45836.09,Porto Ferreira,810
$4157.60,Sanxi,649
$73315.19,Mariinsk,1002
$81870.06,Karangsembung,1367
$66491.19,Albion,662
$90319.07,Xinxing,608
$90817.57,Krokeaí,1400
$97799.86,El Porvenir,469
$81567.70,Huishangang,521
$48991.93,Carayaó,1413
$27922.48,Cihurip Satu,413
$76249.34,La Palma,473
$39336.50,Mossendjo,23
$59157.78,Kiruna,1273
$61439.64,Tengah,644
$71301.57,Karanggintung,1473
$90090.54,Kaga Bandoro,503
$99128.40,Арачиново,554
$17969.38,Tangerang,1461
$73819.09,Qingu,812
$83331.91,Sangiang,1254
$9536.33,Cilated,1136
$84278.03,Baziqiao,912
$30088.55,Kol’chugino,554
$84556.38,Saryözek,584
$37521.66,Ključ,1408
$20081.76,Lubin,254
$18859.31,Maracay,326
$86473.45,Sarandi,988
$98370.37,Cibingbin,249
$90595.19,Lapas,1164
$93521.85,Isojoki,583
$68462.47,Bosaso,583
$98707.34,Kertabumi,782
$6976.36,Zanjān,492
$46717.69,Uherský Ostroh,885
$8186.88,Cardona,699
$79646.98,Nyinqug,1445
$24191.15,Manika,1122
$14102.15,Sadabe,148
$6136.24,Nawābganj,1036
$46767.93,Tuntum,154
$21972.34,San Lorenzo,1197
$91147.90,San José,1458
$27438.89,Cortiços,640
$98609.75,Al Quwaysimah,423
$92561.89,Esquina,832
$50322.76,Luzhuangzi,1003
$38513.07,Adolfo Ruiz Cortines,142
$68407.81,Munduk,1185
$39647.88,Garoua,338
$82887.05,Esquina,867
$47396.78,Lewotukan,550
$68737.79,Tengqiao,97
$58003.86,Tromsø,484
$96944.30,Tetyushi,995
$19497.17,Banyubang,610
$39889.47,Zaslawye,514
$97827.01,Tanguá,247
$18681.60,Zea,1187
$81818.03,Zhongzhai,697
$97051.70,Guadalupe,437
$69667.00,Bat Khela,85
$69879.61,Luleå,706
$32624.89,Gubat,223
$57428.51,Szprotawa,91
$66750.29,Talospatang,714
$47998.09,Dębowa Łąka,413
$95580.43,Santa Cruz de Barahona,786
$4566.07,Krasica,463
$15429.21,Jönköping,655
$43705.80,Buenavista,1242
$47385.33,Taesal-li,214
$53376.13,Los Angeles,1093
$30921.28,Baiyanghe,131
$73678.29,Four Cross Roads,625
$5806.78,Kitami,875
$8050.41,Singabarong,775
$32475.48,Bordeaux,415
$27080.24,Cantuk Kidul,936
$48910.15,Qilong,1490
$33589.00,Lajedo,1381
$32559.12,Banjar Wates Tengah,608
$57719.31,Quanzhou,1442
$63744.67,Kafr Sawm,634
$61600.61,Hexi,271
$33281.42,Paris 19,652
$35293.70,Lieqiao,1387
$39150.89,Almeria,714
$68710.64,Daohe,1310
$62166.26,Kyzylorda,135
$65218.27,Paris 07,96
$13310.82,Leyuan,1280
$55357.03,Hemudu,716
$23815.22,Elassóna,1141
$80136.25,Monchegorsk,1443
$41358.79,Bafoussam,1072
$13441.11,Dongxin,542
$90454.07,Gaiyang,392
$3130.71,Rebe,1278
$81146.20,Dame-Marie,428
$84306.55,Potlot,1376
$8589.68,Carolina,1246
$70966.51,Martin,703
$16210.52,Grande Prairie,784
$96042.32,Quvasoy,231
$59650.48,Puyo,202
$60969.85,Kurovskoye,92
$51979.44,Baghdad,511
$57526.78,Tiecun,1247
$26727.56,Senduro,644
$89132.68,Qarshi,1363
$53478.84,Kill,1466
$94214.40,Hato Mayor del Rey,785
$21888.57,Zoumaling,260
$25631.66,Santo Niño,849
$46514.75,Kharkhorin,782
$91193.66,Jasionów,1438
$74790.30,Tanjungbatu,1426
$72787.64,Ijuw,738
$10632.87,Wurno,1010
$38098.01,Dingtao,866
$80432.36,Bang Ban,1338
$6516.89,Gaocheng,699
$24410.90,Barraute,324
$8047.52,Yosowilangun,458
$89769.24,Paamiut,194
$97605.00,Xinjian,299
$42009.31,Veiga,1435
$52278.02,Borovskoy,1262
$63639.58,Bila Krynytsya,1255
$30109.57,Mtwara,1398
$85715.07,Cihurip Satu,1345
$94912.76,Otaslavice,710
$90797.08,Torrão,1273
$88642.25,Pruchnik,158
$12609.08,Sabang,952
$45921.69,Piteå,1313
$73295.05,Porsgrunn,1036
$26263.54,Bourges,108
$61191.85,Vacaria,587
$69173.06,Pirava,729
$65579.91,Beraim,256
$3955.31,Belung Satu,1018
$20946.92,Údlice,201
$1227.34,Bykhaw,1310
$60514.78,Kuala Lumpur,361
$39469.75,Budapest,1371
$2639.24,Marxog,808
$11537.48,Armação de Búzios,1300
$67907.23,Ciudad Bolívar,1167
$54183.90,Salto de Pirapora,309
$72798.08,New York City,763
$5418.32,Stari Grad,976
$17147.42,Progreso,573
$62075.11,Tianbao,278
$44099.34,Zliv,913
$86188.60,Kutacane,859
$64985.15,Mitrovicë,358
$33635.68,Ocala,1488
$32290.78,Vinkkilä,7
$15501.44,Muro,1048
$71735.91,Malvern,67
$4645.78,Malko Tŭrnovo,1292
$41958.52,Odawara,854
$33014.63,Sjöbo,264
$69153.64,Lamu,1259
$34384.15,Tuochuan,1486
$98744.37,Gagarin,1345
$84356.25,Palangue,214
$10872.61,Princeville,551
$20013.09,Gunungsari,1460
$28055.63,Beloye,434
$42841.96,Anxiang,1102
$11748.08,Cinangka,198
$90287.33,Levallois-Perret,799
$40987.72,Novomoskovsk,466
$57124.56,Křižanov,1178
$31156.08,Krasnohrad,769
$1896.12,Croissy-sur-Seine,1097
$94085.98,Pozhang,1392
$24852.61,Chidian,232
$50888.03,Tongquan,909
$82722.34,Yangqiaodian,1293
$15716.44,Žagarė,1312
$7159.98,Caculé,1025
$72132.38,Boavista,115
$31160.90,Cihe,1482
$38130.25,Thiès Nones,230
$10256.54,Trawniki,1248
$56037.75,Kohāt,157
$17547.12,Ronneby,1500
$25736.70,Emmeloord,1385
$31163.80,Adiwerna,488
$51541.78,Capalonga,1343
$31804.44,Riosucio,896
$83721.29,Resende,1059
$52683.19,Mendefera,397
$92169.23,Koumac,931
$24345.37,Gyumri,1298
$21573.78,Carvoeira,414
$85663.87,Wolbrom,370
$45163.01,Houston,1331
$6831.40,Sapareva Banya,1387
$25470.59,Marxog,1271
$84835.40,Wudian,1121
$19340.09,Ayabe,712
$92809.13,Qingxi,380
$16469.17,Gengcheng,255
$26568.77,Duwakbuter,1250
$53715.20,Taphan Hin,1293
$38892.23,Nanae,571
$42269.39,Stírion,307
$22203.70,Primorka,48
$56154.53,Antipolo,14
$65537.85,Tingsiqiao,1099
$69753.25,Brodósqui,796
$23031.55,Guadalupe,77
$27513.35,Ostroměř,641
$84580.37,Franca,1406
$54821.57,Prado,317
$69055.30,Oleiros,300
$45962.20,Iraquara,274
$93779.42,Cikawunggading,188
$60340.05,Qinghua,647
$67492.86,Gornja Koprivna,1467
$96285.75,Santa Cruz del Quiché,941
$66140.86,Fort Portal,385
$29882.79,Mufushan,1125
$38933.42,Kvartsitnyy,1043
$58955.21,Vilémov,589
$25402.32,Charlotte,1293
$23216.04,Tembayangan Barat,1281
$3890.20,Beruniy,551
$10483.08,Fareydūnshahr,73
$73327.22,Lumphăt,34
$25149.72,Kakuda,427
$71460.71,La Guadalupe,1437
$73216.66,Shatalovo,1411
$67739.20,Jiayi,662
$63028.34,Jiangtou,1494
$71935.10,Śmiłowo,204
$7041.90,Ibirataia,1358
$7510.26,Pekuncen,2
$13689.45,Pueblo Nuevo Viñas,872
$48601.92,Bolnisi,360
$13698.38,Guaramirim,1140
$34905.16,Berlin,415
$34356.12,Hongqi,1340
$21107.47,Macapsing,342
$60152.41,Cacoal,95
$94080.06,Wanzhai,405
$32465.55,Xiaozhoushan,342
$67633.93,Rurrenabaque,136
$30432.90,Šimanovci,1241
$82249.38,Palencia,221
$27260.07,Kebunan,104
$19630.80,Ta’erqi,381
$76497.39,Anbyŏn-ŭp,656
$83322.46,Ruma,652
$3005.46,Qiaolin,316
$22238.64,Sungaibengkal,660
$99996.41,Macun,511
$63756.37,Ajax,16
$30490.74,Mamboma,1049
$2382.34,Najin,428
$23514.00,Guancangping,753
$2995.37,Tambawel,694
$31282.90,Seremban,710
$34038.99,Vysehrad,964
$15277.32,Lampa,218
$93569.30,Pasirjengkol,1214
$897.39,Neftegorsk,1039
$49172.95,Naas,895
$63772.36,Ibaraki,208
$62980.58,Tuban,711
$222.51,Klenčí pod Čerchovem,1309
$8798.13,Nemby,1142
$8704.98,Kon Dơng,1393
$20556.53,Vogan,1218
$61218.22,Ust’-Isha,1008
$92081.66,Bridel,404
$25767.34,Hadžići,1388
$3592.55,Novo Hamburgo,344
$19209.80,Punta Gorda,108
$41418.09,Canillo,358
$52609.44,Teroual,948
$81981.87,Limbangan,191
$99875.63,Hanover,1390
$8459.98,Kurumoch,1472
$32093.81,Na Chaluai,17
$4928.99,Muting,1213
$67585.38,Drummondville,1313
$76126.25,Nowosielce,514
$37827.86,Bluefields,1198
$33413.73,Idalolong,1174
$28610.39,Siikajoki,1170
$89181.20,Mbinga,577
$9203.93,Yuyue,842
$31839.45,Gvozd,49
$45058.73,Lens,133
$44814.04,Nashville,1456
$15108.15,Araras,379
$41005.23,Bambor,69
$74699.50,Yuncheng,1277
$74387.91,Naviraí,1055
$98282.01,Ciénega,919
$5171.14,Reston,863
$38369.22,Vilarinho da Castanheira,516
$59850.25,Fujishiro,1403
$64612.82,Laagri,1076
$4847.19,Berezniki,1181
$98262.12,Sotteville-lès-Rouen,173
$67061.69,Buchou,548
$49262.39,Parchal,211
$66087.99,Saku,331
$33390.34,Nantai,471
$26710.37,Ar Rass,1387
$22806.59,Hanjiaji,1355
$86477.71,Dalsjöfors,1167
$49779.39,São Domingos,454
$99452.65,Piteå,558
$54935.70,Karanglo,759
$35202.90,Sula,160
$2891.85,Acas,229
$48713.77,Zheyuan,213
$22575.36,Nizhniye Vyazovyye,1218
$40624.08,Shuiyuan,562
$78351.36,Kalidawe,686
$76485.91,Contraalmirante Cordero,745
$59084.92,Karangmangu,1253
$95851.35,Kingisepp,443
$97588.43,Betania,445
$94268.48,Los Pinos,380
$70705.08,Zhangjia,573
$11809.67,Grande Rivière Noire,1483
$86451.00,Tobias Fornier,637
$16305.28,Jawa,909
$50657.63,Pepayan,1123
$71033.27,Yong’an,56
$24872.66,Bantogon,454
$5964.67,São Sebastião,80
$79945.47,Klerksdorp,1388
$26730.46,Fort Portal,1427
$13255.45,Sigma,1308
$16897.24,Hovås,1400
$51932.43,Partido,365
$17202.65,Stuttgart,600
$55327.51,Chenji,83
$13413.06,Mazār-e Sharīf,556
$56831.62,Kalidawe,103
$92659.75,Svedala,536
$55910.16,Marolambo,271
$95960.57,Qufu,183
$95489.93,Anyama,757
$37381.35,Novonukutskiy,1253
$78832.38,Tchaourou,173
$42453.86,Sydney,168
$13131.90,Ulaan Khat,1383
$52542.71,Kutasari,1370
$78338.06,Hacı Zeynalabdin,410
$61053.92,Dno,218
$69711.57,Masinloc,1246
$15019.39,Mangusu,1234
$54782.52,Krajan Timur Mlokorejo,339
$81698.52,Niugan,1347
$18014.64,Shikou,1155
$25313.25,Liebu,852
$72472.27,Nguékhokh,748
$9644.15,Lianghu,1383
$466.85,Fujia,131
$45546.18,Baguim do Monte,544
$23624.51,Santo Estêvão,92
$76146.54,Miān Channūn,892
$56313.57,Soko,1143
$38757.17,Torrevieja,565
$45149.46,Refojos,399
$30062.22,Kilim,994
$30338.85,Beauceville,1171
$89790.11,Alvarães,1369
$33231.94,Pengfang,661
$74798.77,Sierakowice,358
$77816.22,Temorlorong,248
$29345.53,Phra Pradaeng,252
$14726.68,Mamuša,37
$88764.56,Romblon,1145
$8133.96,Nizhniy Tsasuchey,447
$14877.02,Chillia,1173
$15740.79,Fordon,1420
$31644.10,Caohezhang,1356
$49096.90,Kacangan Lor,476
$31377.81,Buenos Aires,167
$16244.70,Bršadin,211
$13143.03,Havana,661
$95326.25,Paris 08,1492
$81843.25,Zhujiaqiao,1382
$43982.56,Aoshi,431
$45476.11,Tirlyanskiy,10
$3702.41,Jazovo,878
$98971.29,Changtang,1302
$65080.40,Filipstad,753
$32767.75,Drobin,427
$14680.11,Shorapani,340
$99250.83,Staraya Stanitsa,901
$458.78,Pashkovskiy,202
$47013.62,Chuantang,1419
$2100.77,Pereiras,1246
$15428.71,Esquipulas,449
$77561.10,Lilio,942
$89285.65,Ndendé,1302
$52261.67,Valparaíso,677
$74849.36,Zhaojia,1174
$18602.65,Międzyrzecz,248
$96196.91,Pamotan,690
$92296.71,Leyuan,174
$99083.77,Tobias Fornier,1330
$12638.27,Krasne,964
$47859.46,Jenesano,550
$39956.75,Bagratashen,879
$47291.74,Uritsk,525
$10817.89,Sallins,1440
$45770.35,Río de Oro,879
$15265.95,Tunguang,1080
$54182.03,Svetlogorsk,878
$65941.84,Cipanjang,151
$52574.67,Nakhon Nayok,1483
$48369.13,Kota Kinabalu,207
$32522.94,Радолишта,1315
$34647.78,Yuktae-dong,1175
$84371.86,Liuzuo,867
$34737.19,Aqsū,931
$38396.12,Cancas,576
$95214.08,Alquerubim,422
$6905.30,Sathing Phra,848
$75542.24,Iogach,467
$34506.72,Souto da Costa,641
$37748.92,Jieyang,568
$28552.15,Almaty,663
$31380.64,Dingle,337
$81247.62,Liangshan,997
$18491.45,Grand Junction,699
$91968.72,Kafr az Zayyāt,547
$8372.71,Ishikawa,589
$95792.64,Plomárion,972
$25436.32,Oliveira,459
$1408.41,Moutsamoudou,1411
$96354.24,Fengshan,1283
$73234.87,Kaishantun,1407
$30661.86,Kusi,1499
$15273.72,Jäppilä,1111
$72268.62,Muting,464
$98469.97,Caazapá,477
$21376.40,Portalegre,929
$79239.05,Wierzbica,914
$951.08,Kíti,506
$69642.36,Lubu,254
$84441.04,Krolevets’,563
$66323.21,Anren,1170
$87271.55,Manokwari,230
$25241.97,Ifon,827
$50869.97,Yun’an,1452
$62279.04,Lavras da Mangabeira,636
$43151.07,Chuanbu,328
$24897.00,Ipiales,424
$90485.71,Mandikbatu,1135
$85295.52,Daxing,723
$99661.23,Chợ Lầu,1235
$29846.72,Pateh Sam,558
$28612.84,Mont-Laurier,1
$79890.34,Pelópion,1045
$54176.89,Dakingari,1210
$9487.49,Motrico,886
$70462.86,Steinsel,1376
$62650.01,Yonghe,1068
$28566.96,Margamukti,286
$8303.76,Casal do Relvas,263
$36765.20,Nowosielce,320
$41582.75,Ibiá,566
$6494.28,Radocza,1264
$55639.18,Mandepa Barat,810
$85593.85,Cidamar,454
$57344.64,Blagaj,1286
$64939.76,Payxambabazar,784
$37487.90,Nizui,1172
$36557.94,Santo Domingo,836
$62357.24,Quiruvilca,1162
$40777.65,Enjitsu,1318
$39985.36,Rio,1269
$27354.73,Qiongshan,274
$63552.64,Ribamar,770
$89496.10,Ishikari,1076
$56326.12,Ribeira,1190
$1060.70,Taoling,793
$51345.01,San Francisco,666
$63254.65,Kabar Utara,413
$60920.06,Ea Drăng,816
$41298.03,Jiangyan,1430
$23532.18,Angers,939
$85859.41,Krasnyy Oktyabr’,76
$98396.26,Kotanopan,272
$12293.56,Qiaolin,1169
$84662.97,Smołdzino,63
$32520.53,Danidehe,1361
$47876.64,Tintina,654
$72390.53,Embalse,285
$92570.83,Norcasia,1126
$74754.79,Masty,1486
$68283.32,Zelmeņi,830
$36702.97,Cibungur,321
$96494.27,Jarigue,157
$32046.14,Dongming,720
$30135.88,Mierzęcice,396
$74743.76,Kotakaya Dua,543
$89680.93,Reiko,1265
$95856.42,Hajeom,478
$58586.42,Itajubá,788
$74033.10,Wangxian,790
$43358.04,Apengjiang,248
$8273.88,Oktyabr’sk,770
$28361.44,Nūsay,464
$69136.13,Vicente Guerrero,679
$23809.44,Ballinteer,1118
$27038.05,Ningchegu,678
$30596.77,Stockholm,891
$32791.72,Yŏng-dong,1156
$26408.36,Oulad Frej,437
$36848.81,Wangji,890
$72412.56,Virbalis,516
$47000.22,Shah Alam,382
$82428.67,Tutut,171
$67196.61,Sirdaryo,1255
$45401.24,Zinat,862
$20017.73,Livingstone,77
$42513.67,Färgelanda,905
$99543.45,Lappeenranta,1140
$26395.68,Balaogan,911
$18797.06,Ābyek,141
$43634.38,Néa Plágia,17
$62871.46,Napoli,74
$53230.11,Thorold,692
$35413.45,Shixi,334
$80329.33,Bosanski Šamac,766
$81264.62,Arma,143
$14821.36,Ndano,427
$2703.52,Trogan Barat,1157
$27245.17,Wola Filipowska,562
$82878.03,Palmas,231
$41581.83,Wadungasri,161
$61147.24,Wojcieszków,1020
$78530.62,Kibondo,782
$14312.27,Kaducondong,513
$17287.87,Linköping,1077
$28395.50,Inhambane,427
$41104.25,Yujia’ao,1424
$17705.30,Toulouse,921
$39117.36,Malvas,573
$59626.03,Ovruch,1461
$15550.62,Maipú,225
$55308.47,Nguluhan,694
$93056.57,Nzérékoré,1061
$1505.98,Ruangwa,611
$48832.91,Reguenga,1498
$41224.41,Aliuroba,918
$62875.22,Przytyk,235
$59757.81,Pýli,89
$38824.95,Öldziyt,1317
$36790.57,Leonidovo,128
$20258.94,Rtishchevo,582
$69363.73,Cuntan,679
$54786.05,Sukadana,148
$58963.12,Néa Palátia,1368
$13390.90,Caicun,1332
$47285.09,Blagoveshchenka,635
$35358.05,Bao’an,397
$73865.55,Jangheung,1146
$37381.99,Hŭngnam,1412
$70083.18,Kampungsusah,49
$17608.08,Zehak,441
$34682.35,Al Manshāh,254
$31739.29,Cancela,99
$53528.19,Stockholm,307
$21673.16,Ábrego,66
$43212.33,Ylämaa,94
$32940.07,Lansing,1153
$84162.35,Pleszew,1133
$59597.62,Igreja,847
$71658.66,Chishui,799
$61647.56,Na Yong,1092
$42968.52,Bindura,732
$19730.60,Putang,387
$34312.17,Sabaneta,134
$810.82,Velikiye Borki,1438
$29954.35,Phanna Nikhom,428
$7536.21,Palaiópyrgos,1178
$55499.78,Saaban,954
$23700.68,Sumenep,153
$8022.92,Gaya,384
$71691.19,Balaklava,611
$47177.06,Guanba,1149
$43799.59,Piet Retief,192
$75616.41,Val-de-Reuil,1348
$85579.84,Chkalov,833
$25805.11,Eindhoven,1216
$77728.47,Surulangun Rawas,454
$68275.09,Granada,491
$17908.53,Housuo,1299
$11809.09,Daulatpur,996
$3360.88,Maisons-Alfort,155
$42668.38,Aramayuan,859
$18876.93,Darnah,422
$71617.94,Zbarazh,576
$72376.43,Bawshar,451
$17410.23,Kalengwa,947
$96566.47,Panitian,767
$66902.85,Jishu,618
$48579.83,Rublëvo,1006
